module_directory,declaration,dependency_project,source_path,line,source_text
device-biz,implementation,:core-net,ugreenhome-shared/device-biz/build.gradle.kts,27,"implementation(project("":core-net""))"
device-biz,implementation,:core-logger,ugreenhome-shared/device-biz/build.gradle.kts,28,"implementation(project("":core-logger""))"
device-biz,implementation,:core-database,ugreenhome-shared/device-biz/build.gradle.kts,29,"implementation(project("":core-database""))"
device-biz,implementation,:core-ui,ugreenhome-shared/device-biz/build.gradle.kts,30,"implementation(project("":core-ui""))"
device-biz,implementation,:device-thing-model,ugreenhome-shared/device-biz/build.gradle.kts,31,"implementation(project("":device-thing-model""))"
device-biz,api,:core-util,ugreenhome-shared/device-biz/build.gradle.kts,32,"api(project("":core-util""))"
feature-third-party-services,implementation,:core-net,ugreenhome-shared/feature-third-party-services/build.gradle.kts,56,"implementation(project("":core-net""))"
feature-third-party-services,implementation,:core-logger,ugreenhome-shared/feature-third-party-services/build.gradle.kts,57,"implementation(project("":core-logger""))"
feature-third-party-services,implementation,:core-mvi,ugreenhome-shared/feature-third-party-services/build.gradle.kts,58,"implementation(project("":core-mvi""))"
feature-third-party-services,implementation,:core-navigation,ugreenhome-shared/feature-third-party-services/build.gradle.kts,59,"implementation(project("":core-navigation""))"
feature-third-party-services,implementation,:core-ui,ugreenhome-shared/feature-third-party-services/build.gradle.kts,60,"implementation(project("":core-ui""))"
feature-third-party-services,implementation,:core-util,ugreenhome-shared/feature-third-party-services/build.gradle.kts,61,"implementation(project("":core-util""))"
feature-third-party-services,implementation,:domain-env,ugreenhome-shared/feature-third-party-services/build.gradle.kts,62,"implementation(project("":domain-env""))"
feature-home-management,implementation,:core-ui,ugreenhome-shared/feature-home-management/build.gradle.kts,32,"implementation(project("":core-ui""))"
feature-home-management,implementation,:core-mvi,ugreenhome-shared/feature-home-management/build.gradle.kts,33,"implementation(project("":core-mvi""))"
feature-home-management,implementation,:core-navigation,ugreenhome-shared/feature-home-management/build.gradle.kts,34,"implementation(project("":core-navigation""))"
feature-home-management,implementation,:core-net,ugreenhome-shared/feature-home-management/build.gradle.kts,35,"implementation(project("":core-net""))"
feature-home-management,implementation,:core-kv,ugreenhome-shared/feature-home-management/build.gradle.kts,36,"implementation(project("":core-kv""))"
feature-home-management,implementation,:core-logger,ugreenhome-shared/feature-home-management/build.gradle.kts,37,"implementation(project("":core-logger""))"
feature-home-management,implementation,:core-util,ugreenhome-shared/feature-home-management/build.gradle.kts,38,"implementation(project("":core-util""))"
core/core-ui,implementation,:core-net,ugreenhome-shared/core/core-ui/build.gradle.kts,52,"implementation(project("":core-net""))"
core/core-ui,implementation,:core-kv,ugreenhome-shared/core/core-ui/build.gradle.kts,53,"implementation(project("":core-kv""))"
core/core-ui,implementation,:core-logger,ugreenhome-shared/core/core-ui/build.gradle.kts,54,"implementation(project("":core-logger""))"
core/core-ui,implementation,:core-util,ugreenhome-shared/core/core-ui/build.gradle.kts,55,"implementation(project("":core-util""))"
core/core-net,implementation,:core-logger,ugreenhome-shared/core/core-net/build.gradle.kts,26,"implementation(project("":core-logger""))"
core/core-mvi,implementation,:core-util,ugreenhome-shared/core/core-mvi/build.gradle.kts,23,"implementation(project("":core-util""))"
feature-playback,implementation,:core-util,ugreenhome-shared/feature-playback/build.gradle.kts,25,"implementation(project("":core-util""))"
feature-playback,implementation,:core-logger,ugreenhome-shared/feature-playback/build.gradle.kts,26,"implementation(project("":core-logger""))"
device-thing-model,implementation,:core-util,ugreenhome-shared/device-thing-model/build.gradle.kts,23,"implementation(project("":core-util""))"
device-thing-model,implementation,:core-database,ugreenhome-shared/device-thing-model/build.gradle.kts,24,"implementation(project("":core-database""))"
device-thing-model,implementation,:core-logger,ugreenhome-shared/device-thing-model/build.gradle.kts,25,"implementation(project("":core-logger""))"
feature-ota,implementation,:core-kv,ugreenhome-shared/feature-ota/build.gradle.kts,28,"implementation(project("":core-kv""))"
feature-ota,implementation,:core-logger,ugreenhome-shared/feature-ota/build.gradle.kts,29,"implementation(project("":core-logger""))"
feature-ota,implementation,:core-net,ugreenhome-shared/feature-ota/build.gradle.kts,30,"implementation(project("":core-net""))"
feature-ota,implementation,:core-ui,ugreenhome-shared/feature-ota/build.gradle.kts,31,"implementation(project("":core-ui""))"
feature-ota,implementation,:core-util,ugreenhome-shared/feature-ota/build.gradle.kts,32,"implementation(project("":core-util""))"
feature-ota,implementation,:ugreen-strings-kmp,ugreenhome-shared/feature-ota/build.gradle.kts,33,"implementation(project("":ugreen-strings-kmp""))"
feature-device-event,implementation,:core-net,ugreenhome-shared/feature-device-event/build.gradle.kts,31,"implementation(project("":core-net""))"
feature-device-event,implementation,:core-logger,ugreenhome-shared/feature-device-event/build.gradle.kts,32,"implementation(project("":core-logger""))"
feature-device-event,implementation,:core-ui,ugreenhome-shared/feature-device-event/build.gradle.kts,33,"implementation(project("":core-ui""))"
feature-device-event,implementation,:core-util,ugreenhome-shared/feature-device-event/build.gradle.kts,34,"implementation(project("":core-util""))"
feature-device-event,implementation,:core-mvi,ugreenhome-shared/feature-device-event/build.gradle.kts,35,"implementation(project("":core-mvi""))"
feature-device-event,implementation,:core-navigation,ugreenhome-shared/feature-device-event/build.gradle.kts,36,"implementation(project("":core-navigation""))"
app-shared,api,:ugreen-strings-kmp,ugreenhome-shared/app-shared/build.gradle.kts,75,"api(project("":ugreen-strings-kmp""))"
sample,implementation,:app-shared,ugreenhome-shared/sample/build.gradle.kts,36,"implementation(project("":app-shared""))"
sample,implementation,:airtc-appsdk,ugreenhome-shared/sample/build.gradle.kts,37,"implementation(project("":airtc-appsdk""))"
sample,implementation,:device-thing-model,ugreenhome-shared/sample/build.gradle.kts,38,"implementation(project("":device-thing-model""))"
sample,implementation,:device-biz,ugreenhome-shared/sample/build.gradle.kts,39,"implementation(project("":device-biz""))"
sample,implementation,:feature-device-event,ugreenhome-shared/sample/build.gradle.kts,40,"implementation(project("":feature-device-event""))"
sample,implementation,:feature-ota,ugreenhome-shared/sample/build.gradle.kts,41,"implementation(project("":feature-ota""))"
sample,implementation,:core-player,ugreenhome-shared/sample/build.gradle.kts,42,"implementation(project("":core-player""))"
sample/sample-android,implementation,:sample,ugreenhome-shared/sample/sample-android/build.gradle.kts,54,"implementation(project("":sample""))"
sample/sample-android,implementation,:app-shared,ugreenhome-shared/sample/sample-android/build.gradle.kts,55,"implementation(project("":app-shared""))"
airtc-appsdk,implementation,:core-util,ugreenhome-shared/airtc-appsdk/build.gradle.kts,60,"implementation(project("":core-util""))"
airtc-appsdk,implementation,:core-kv,ugreenhome-shared/airtc-appsdk/build.gradle.kts,61,"implementation(project("":core-kv""))"
airtc-appsdk,implementation,:core-logger,ugreenhome-shared/airtc-appsdk/build.gradle.kts,62,"implementation(project("":core-logger""))"
airtc-appsdk,implementation,:device-thing-model,ugreenhome-shared/airtc-appsdk/build.gradle.kts,63,"implementation(project("":device-thing-model""))"
feature-auth,implementation,:core-net,ugreenhome-shared/feature-auth/build.gradle.kts,57,"implementation(project("":core-net""))"
feature-auth,implementation,:core-logger,ugreenhome-shared/feature-auth/build.gradle.kts,58,"implementation(project("":core-logger""))"
feature-auth,implementation,:core-ui,ugreenhome-shared/feature-auth/build.gradle.kts,59,"implementation(project("":core-ui""))"
feature-auth,implementation,:core-kv,ugreenhome-shared/feature-auth/build.gradle.kts,60,"implementation(project("":core-kv""))"
feature-auth,implementation,:core-util,ugreenhome-shared/feature-auth/build.gradle.kts,61,"implementation(project("":core-util""))"
feature-auth,implementation,:core-secure-package,ugreenhome-shared/feature-auth/build.gradle.kts,62,"implementation(project("":core-secure-package""))"
feature-auth,implementation,:core-mvi,ugreenhome-shared/feature-auth/build.gradle.kts,63,"implementation(project("":core-mvi""))"
feature-auth,implementation,:core-navigation,ugreenhome-shared/feature-auth/build.gradle.kts,64,"implementation(project("":core-navigation""))"
feature-auth,implementation,:domain-env,ugreenhome-shared/feature-auth/build.gradle.kts,66,"implementation(project("":domain-env""))"
domain/domain-env,api,:core-util,ugreenhome-shared/domain/domain-env/build.gradle.kts,33,"api(project("":core-util""))"
domain/domain-env,implementation,:core-net,ugreenhome-shared/domain/domain-env/build.gradle.kts,34,"implementation(project("":core-net""))"
domain/domain-env,implementation,:core-kv,ugreenhome-shared/domain/domain-env/build.gradle.kts,35,"implementation(project("":core-kv""))"
domain/domain-env,implementation,:core-logger,ugreenhome-shared/domain/domain-env/build.gradle.kts,36,"implementation(project("":core-logger""))"
domain/domain-family,implementation,:core-net,ugreenhome-shared/domain/domain-family/build.gradle.kts,24,"implementation(project("":core-net""))"
domain/domain-family,implementation,:core-kv,ugreenhome-shared/domain/domain-family/build.gradle.kts,25,"implementation(project("":core-kv""))"
domain/domain-family,api,:core-util,ugreenhome-shared/domain/domain-family/build.gradle.kts,26,"api(project("":core-util""))"
domain/domain-device,implementation,:core-net,ugreenhome-shared/domain/domain-device/build.gradle.kts,25,"implementation(project("":core-net""))"
domain/domain-device,implementation,:core-kv,ugreenhome-shared/domain/domain-device/build.gradle.kts,26,"implementation(project("":core-kv""))"
domain/domain-device,implementation,:core-logger,ugreenhome-shared/domain/domain-device/build.gradle.kts,27,"implementation(project("":core-logger""))"
domain/domain-device,implementation,:core-util,ugreenhome-shared/domain/domain-device/build.gradle.kts,28,"implementation(project("":core-util""))"
