run,class,test,status,message
host-without-ota,com.ugreen.feature.auth.AppLogConfigurationCheckerTest,rethrows cancellation wrapped by whitelist result,passed,
host-without-ota,com.ugreen.feature.auth.AppLogConfigurationCheckerTest,does not query when user is not eligible,passed,
host-without-ota,com.ugreen.feature.auth.AppLogConfigurationCheckerTest,retries task query after failure,passed,
host-without-ota,com.ugreen.feature.auth.AppLogConfigurationCheckerTest,foreground cancellation cancels the active whitelist request,passed,
host-without-ota,com.ugreen.feature.auth.AppLogConfigurationCheckerTest,coalesces concurrent foreground events,passed,
host-without-ota,com.ugreen.feature.auth.AppLogConfigurationCheckerTest,does not query task when user is not whitelisted,passed,
host-without-ota,com.ugreen.feature.auth.AppLogConfigurationCheckerTest,refreshes whitelist but does not query task when local log collection is disabled,passed,
host-without-ota,com.ugreen.feature.auth.AppLogConfigurationCheckerTest,returns failure when whitelist query fails,passed,
host-without-ota,com.ugreen.feature.auth.AppLogConfigurationCheckerTest,queries task only for authorized whitelisted user,passed,
host-without-ota,com.ugreen.feature.auth.AppLogConfigurationCheckerTest,rethrows cancellation wrapped by task result,passed,
host-without-ota,com.ugreen.feature.auth.AppLogConfigurationCheckerTest,check task after whitelist confirmation returns task request result,passed,
host-without-ota,com.ugreen.feature.auth.AppLogUploadManagerCancellationTest,cancellable result unwrap preserves ordinary exception,passed,
host-without-ota,com.ugreen.feature.auth.AppLogUploadManagerCancellationTest,cancellable result unwrap rethrows wrapped cancellation,passed,
host-without-ota,com.ugreen.feature.auth.AppLogUploadManagerCancellationTest,suspend result preserves ordinary failure as result,passed,
host-without-ota,com.ugreen.feature.auth.AppLogUploadManagerCancellationTest,suspend result returns successful value,passed,
host-without-ota,com.ugreen.feature.auth.AppLogUploadManagerCancellationTest,suspend result rethrows cancellation,passed,
host-without-ota,com.ugreen.home.iot.ThingPropertyValueCodecTest,encode_decode_primitives,passed,
host-without-ota,com.ugreen.home.iot.ThingPropertyValueCodecTest,encode_complexType_returnsNull,passed,
host-without-ota,com.ugreen.home.iot.ThingPropertyValueCodecTest,decode_legacyJsonType_returnsRawString,passed,
host-without-ota,com.ugreen.home.iot.ThingJsonTest,encodeDynamic_enum_encodesAsName,passed,
host-without-ota,com.ugreen.home.iot.ThingJsonTest,encodeDynamic_unsupportedType_throws,passed,
host-without-ota,com.ugreen.home.iot.ThingJsonTest,encodeDynamic_primitives,passed,
host-without-ota,com.ugreen.home.iot.ThingJsonTest,encodeDynamic_set_encodesAsArray,passed,
host-without-ota,com.ugreen.home.iot.ThingJsonTest,decodeToMap_invalidJson_returnsNull,passed,
host-without-ota,com.ugreen.home.iot.ThingJsonTest,encodeDynamic_map_roundTrip,passed,
host-without-ota,com.ugreen.home.iot.ThingJsonTest,convertPropertyValue_intFromDouble,passed,
host-without-ota,com.ugreen.home.iot.ThingJsonTest,convertPropertyValue_mapFromString,passed,
host-without-ota,com.ugreen.home.playback.event.PlaybackEventQueryControllerTest,invalidCursorMarksOnlyThatDayPartial,passed,
host-without-ota,com.ugreen.home.playback.event.PlaybackEventQueryControllerTest,retriesACompletionWithTheSameCursor,passed,
host-without-ota,com.ugreen.home.playback.event.PlaybackEventQueryControllerTest,daysRunConcurrentlyWhilePagesWithinOneDayStaySerial,passed,
host-without-ota,com.ugreen.home.playback.event.PlaybackEventQueryControllerTest,queryAllKeepsResultsLocalToEachQueryIncludingEmptySuccess,passed,
host-without-ota,com.ugreen.home.playback.event.PlaybackEventQueryControllerTest,queryAllReturnsOnlyAfterTheLastPageArrives,passed,
host-without-ota,com.ugreen.home.playback.event.PlaybackEventQueryControllerTest,splitsThreeDaysAndPaginatesEachDayWithPageSizeFifty,passed,
host-without-ota,com.ugreen.home.playback.event.PlaybackEventQueryControllerTest,oneFailedDayDoesNotCancelOtherDays,passed,
host-without-ota,com.ugreen.home.playback.event.PlaybackEventQueryControllerTest,queryAllDoesNotReturnPartialDataWhenALaterPageFails,passed,
host-without-ota,com.ugreen.home.playback.event.PlaybackEventQueryControllerTest,cancellationStopsTheCurrentPageAndDoesNotStartAnotherOne,passed,
host-without-ota,com.ugreen.home.playback.event.PlaybackEventTimeListTest,largeCompressedPageIsNotTruncated,passed,
host-without-ota,com.ugreen.home.playback.event.PlaybackEventTimeListTest,formalChildrenWinAndParentChildDuplicatesAreRetained,passed,
host-without-ota,com.ugreen.home.playback.event.PlaybackEventTimeListTest,oldDevicesEmptyPagesAndUnknownTypesKeepLegacySemantics,passed,
host-without-ota,com.ugreen.home.playback.event.PlaybackEventTimeListTest,invalidRequiredFieldsAreSkippedAndInvalidPayloadThrowsTypedError,passed,
host-without-ota,com.ugreen.home.playback.event.PlaybackEventTimeListTest,compressedAndPlainProduceSamePageAndKeepParentCursor,passed,
host-without-ota,com.ugreen.home.playback.PlaybackDayQuerySchedulerTest,emptyAndInvalidRangesMakeNoRequestsAndEmptyDateSucceeds,passed,
host-without-ota,com.ugreen.home.playback.PlaybackDayQuerySchedulerTest,widerExistingRefreshRangesStillRespectConcurrencyLimit,passed,
host-without-ota,com.ugreen.home.playback.PlaybackDayQuerySchedulerTest,threeDaysRunConcurrentlyAndMergeInDateOrder,passed,
host-without-ota,com.ugreen.home.playback.PlaybackDayQuerySchedulerTest,naturalDaysFollowDstAndMidnightEndDoesNotAddADay,passed,
host-without-ota,com.ugreen.home.playback.PlaybackDayQuerySchedulerTest,failureWaitsForOtherDatesAndNeverReturnsPartialData,passed,
host-without-ota,com.ugreen.home.playback.PlaybackDayQuerySchedulerTest,callerCancellationStopsQueuedDaysEvenWhenOldRequestWrapsCancellation,passed,
host-without-ota,com.ugreen.home.playback.event.PlaybackEventLegacyProtocolTest,childFallbackPriorityAndDuplicatePolicyMatchAndroid,passed,
host-without-ota,com.ugreen.home.playback.event.PlaybackEventLegacyProtocolTest,emptyPagesMissingIdsAndErrorsFollowSharedParserContract,passed,
host-without-ota,com.ugreen.home.playback.event.PlaybackEventLegacyProtocolTest,plainOutputPreservesWireFieldsAndSecondsWithFixedExpectedChildren,passed,
host-without-ota,com.ugreen.home.playback.event.PlaybackEventLegacyProtocolTest,historicalScalarArraysKeepTheirShapeAndCompressedBranch,passed,
host-without-ota,com.ugreen.home.playback.event.PlaybackEventLegacyProtocolTest,paginationUsesOriginalParentOrderAndCountNotExpandedLengthOrTimeSort,passed,
host-without-ota,com.ugreen.home.playback.event.PlaybackEventLegacyProtocolTest,oldDevicesAndUnknownFieldsRemainUnchangedAndConversionIsIdempotent,passed,
host-without-ota,com.ugreen.home.playback.event.PlaybackEventLegacyProtocolTest,compressedResponseIsReencodedAndMatchesPlainProtocolContent,passed,
host-without-ota,com.ugreen.home.playback.event.PlaybackEventLegacyProtocolTest,largeCompressedPageRoundTripsAllParentAndChildDescriptions,passed,
host-without-ota,com.ugreen.core.securepackage.AndroidAgeInteropTest,jniOutputCanBeDecryptedByOfficialAgeCli,passed,
host-without-ota,com.ugreen.core.securepackage.SecurePackageEncryptorTest,cancellationRemovesOnlyOwnedPartFile,passed,
host-without-ota,com.ugreen.core.securepackage.SecurePackageEncryptorTest,invalidInputRecipientAndPathConflictsAreRejected,passed,
host-without-ota,com.ugreen.core.securepackage.SecurePackageEncryptorTest,existingOutputAndPartAreRejectedWithoutOverwrite,passed,
host-without-ota,com.ugreen.core.securepackage.SecurePackageEncryptorTest,explicitOutputPathIsReturned,passed,
host-without-ota,com.ugreen.core.securepackage.SecurePackageEncryptorTest,defaultOutputIsCreatedBesideInputAndInputIsPreserved,passed,
host-without-ota,com.ugreen.core.securepackage.SecurePackageEncryptorTest,failureRemovesOnlyOwnedPartFile,passed,
host-without-ota,com.ugreen.core.securepackage.SecurePackageEncryptorTest,unsupportedPlatformFailsBeforeCreatingFiles,passed,
host-without-ota,com.ugreen.core.logger.LoggerTest,noneLevelDisablesAllLogs,passed,
host-without-ota,com.ugreen.core.logger.LoggerTest,filtersByLogLevel,passed,
host-without-ota,com.ugreen.core.logger.LoggerTest,writesAllLevels,passed,
host-without-ota,com.ugreen.core.database.ExampleUnitTest,addition_isCorrect,passed,
host-without-ota,com.ugreen.core.net.ExampleUnitTest,addition_isCorrect,passed,
host-without-ota,com.ugreen.core.net.FileTransferTest,rawUploadResponseFindsHeaderIgnoringCase,passed,
host-without-ota,com.ugreen.core.net.FileTransferTest,prefersAndDecodesUtf8FileName,passed,
host-without-ota,com.ugreen.core.net.FileTransferTest,parsesQuotedFileName,passed,
host-without-ota,com.ugreen.core.net.FileTransferTest,missingContentDispositionHasNoFileName,passed,
host-without-ota,com.ugreen.core.net.logging.NetLogSupportTest,newHttpLogId_isUniqueUnderConcurrency,passed,
host-without-ota,com.ugreen.core.net.logging.NetLogSupportTest,maskHeader_masksAuthorization,passed,
host-without-ota,com.ugreen.core.net.logging.NetLogSupportTest,maskSensitiveJson_masksAccessToken,passed,
host-without-ota,com.ugreen.core.net.logging.NetLogSupportTest,truncateForCache_appendsMarker,passed,
host-without-ota,com.ugreen.core.net.logging.NetLogBodyTest,maskSensitiveJson_masksPasswordAndCodes,passed,
host-without-ota,com.ugreen.core.net.logging.NetLogBodyTest,maskSensitiveJson_masksTempAuthFields,passed,
host-without-ota,com.ugreen.core.net.logging.NetLogBodyTest,maskSensitiveJson_masksTokensAndSid,passed,
host-without-ota,com.ugreen.core.net.logging.NetLogBodyTest,maskBody_respectsMaskSensitiveFlag,passed,
host-without-ota,com.ugreen.core.net.logging.NetLogBodyTest,maskSensitiveJson_doesNotMaskNumericBusinessCode,passed,
host-without-ota,com.ugreen.core.net.logging.NetLogBodyTest,extractRequestBodyText_readsStringAndTextContent,passed,
host-without-ota,com.ugreen.core.ui.picker.UGWheelPickerTest,nearestVirtualIndex_keepsCurrentCycle,passed,
host-without-ota,com.ugreen.core.ui.picker.UGWheelPickerTest,wrapIndex_normalizesBothDirections,passed,
host-without-ota,com.ugreen.core.ui.picker.UGWheelPickerTest,finiteIndex_clampsToBounds,passed,
host-without-ota,com.ugreen.core.ui.MigratedUGComponentDefaultsTest,textFieldDefaultsMatchAndroidViewContract,passed,
host-without-ota,com.ugreen.core.ui.MigratedUGComponentDefaultsTest,loadingDefaultsMatchAndroidDrawableContract,passed,
host-without-ota,com.ugreen.core.ui.toast.UGToastHostStateTest,new_request_replaces_old_request_and_stale_timer_cannot_dismiss_it,passed,
host-without-ota,com.ugreen.core.ui.toast.UGToastHostStateTest,show_defaults_match_android_toast_contract,passed,
host-without-ota,com.ugreen.core.ui.toast.UGToastHostStateTest,global_facade_delegates_to_default_host_state,passed,
host-without-ota,com.ugreen.core.ui.toast.UGToastHostStateTest,empty_message_toast_is_ignored,passed,
host-without-ota,com.ugreen.core.ui.adaptive.UGAdaptiveLayoutTest,orientationUsesCurrentWindowBounds,passed,
host-without-ota,com.ugreen.core.ui.adaptive.UGAdaptiveLayoutTest,projectLayoutDefaultsMatchPadSpecification,passed,
host-without-ota,com.ugreen.core.ui.adaptive.UGAdaptiveLayoutTest,widthBreakpointsMatchAdaptiveLayoutClasses,passed,
host-without-ota,com.ugreen.core.ui.slider.UGSliderValueTest,formatsSupportedSliderTypes,passed,
host-without-ota,com.ugreen.core.ui.slider.UGSliderValueTest,convertsRangeAndSteps,passed,
host-without-ota,com.ugreen.core.ui.notice.UGNoticeBarStyleTest,action_defaults_match_android_notice_bar,passed,
host-without-ota,com.ugreen.core.ui.notice.UGNoticeBarStyleTest,icon_notice_defaults_match_android_notice_bar,passed,
host-without-ota,com.ugreen.core.ui.notice.UGNoticeBarStyleTest,dismiss_defaults_match_android_notice_bar,passed,
host-without-ota,com.ugreen.core.ui.notice.UGNoticeBarStyleTest,action_only_defaults_match_android_notice_bar,passed,
host-without-ota,com.ugreen.core.ui.textfield.UGTextFieldCursorStateTest,externalTextSyncPreservesAndClampsUserSelection,passed,
host-without-ota,com.ugreen.core.ui.textfield.UGTextFieldCursorStateTest,initialCursorStatePlacesSelectionAtTextEnd,passed,
host-without-ota,com.ugreen.core.ui.textfield.UGTextFieldCursorStateTest,initialCursorStateUsesZeroForEmptyText,passed,
host-without-ota,com.ugreen.core.ui.button.UGProgressStateButtonTest,progress_isClampedToPublicContract,passed,
host-without-ota,com.ugreen.core.util.crypto.AssetEncryptorTest,isEncryptedFileName_detectsUgencExtension,passed,
host-without-ota,com.ugreen.core.util.crypto.AssetEncryptorTest,encryptAndDecrypt_roundTrip,passed,
host-without-ota,com.ugreen.core.util.crypto.CrcTest,crc32_matchesIso3309,passed,
host-without-ota,com.ugreen.core.util.crypto.CrcTest,crc16_emptyUsesInitialValue,passed,
host-without-ota,com.ugreen.core.util.crypto.CrcTest,crc16_modbus_matchesTableAndBitwise,passed,
host-without-ota,com.ugreen.core.util.crypto.CrcTest,crc16_ibm,passed,
host-without-ota,com.ugreen.core.util.ZipHelperTest,collectAndZipLogs_packsRelativeEntries,passed,
host-without-ota,com.ugreen.core.util.ZipHelperTest,zipAndUnzip_roundTrip,passed,
host-without-ota,com.ugreen.core.util.ZipHelperTest,unzip_rejectsZipSlip,passed,
host-without-ota,com.ugreen.core.util.ZlibUtilTest,compress_decompress_empty,passed,
host-without-ota,com.ugreen.core.util.ZlibUtilTest,compressRaw_decompressRaw_roundTrip,passed,
host-without-ota,com.ugreen.core.util.ZlibUtilTest,compressTextToBase64Raw_roundTrip,passed,
host-without-ota,com.ugreen.core.util.ZlibUtilTest,compressTextToBase64_extension,passed,
host-without-ota,com.ugreen.core.util.ZlibUtilTest,compressTextToBase64_roundTrip,passed,
host-without-ota,com.ugreen.core.util.ZlibUtilTest,compress_decompress_roundTrip,passed,
host-without-ota,com.ugreen.core.util.ZlibUtilTest,byteArrayExtensionFunctions,passed,
host-without-ota,com.ugreen.core.util.ZlibUtilTest,decompressPythonZlibBase64,passed,
host-without-ota,com.ugreen.core.util.ZlibUtilTest,decompressUrlSafeBase64WithoutPadding,passed,
host-without-ota,com.ugreen.core.util.crypto.AesUtilsTest,gcm_roundtrip_aes256_and_empty,passed,
host-without-ota,com.ugreen.core.util.crypto.AesUtilsTest,ecb_pkcs7_roundtrip,passed,
host-without-ota,com.ugreen.core.util.crypto.AesUtilsTest,gcm_tamper_fails,passed,
host-without-ota,com.ugreen.core.util.crypto.AesUtilsTest,random_iv_length,passed,
host-without-ota,com.ugreen.core.util.crypto.AesUtilsTest,gcm_with_random_iv_packet,passed,
host-without-ota,com.ugreen.core.util.crypto.AesUtilsTest,random_key_length,passed,
host-without-ota,com.ugreen.core.util.crypto.AesUtilsTest,gcm_roundtrip_aes128,passed,
host-without-ota,com.ugreen.core.util.crypto.AesUtilsTest,cbc_roundtrip,passed,
host-without-ota,com.ugreen.core.util.crypto.AesUtilsTest,gcm_base64_wire_format_roundtrip,passed,
host-without-ota,com.ugreen.core.util.crypto.AesUtilsVectorsTest,gcm_nist_case2,passed,
host-without-ota,com.ugreen.core.util.crypto.AesUtilsVectorsTest,aes128_ecb_nist_block,passed,
host-without-ota,com.ugreen.core.util.crypto.AesUtilsVectorsTest,gcm_nist_empty_plaintext,passed,
host-without-ota,com.ugreen.core.util.crypto.Md5Test,empty_string,passed,
host-without-ota,com.ugreen.core.util.crypto.Md5Test,hello,passed,
host-without-ota,com.ugreen.core.util.crypto.Md5Test,bytes_and_object_api,passed,
host-without-ota,com.ugreen.feature.home.management.domain.HomeManagementNameValidatorTest,homeNameRejectsBlankAndNamesLongerThan30Characters,passed,
host-without-ota,com.ugreen.feature.home.management.domain.HomeManagementNameValidatorTest,roomNameLongerThan30CharactersIsRejected,passed,
host-without-ota,com.ugreen.feature.home.management.domain.HomeManagementNameValidatorTest,blankNameIsRejected,passed,
host-without-ota,com.ugreen.feature.home.management.domain.HomeManagementNameValidatorTest,nameLongerThan32CharactersIsRejected,passed,
host-without-ota,com.ugreen.feature.home.management.domain.HomeManagementNameValidatorTest,validNameIsReturned,passed,
host-without-ota,com.ugreen.feature.home.management.domain.HomeManagementNameValidatorTest,roomNameWithOuterWhitespaceIsTrimmed,passed,
host-without-ota,com.ugreen.feature.home.management.domain.HomeManagementNameValidatorTest,trimmedRoomNameIsCheckedForDuplicates,passed,
host-without-ota,com.ugreen.feature.home.management.domain.HomeLocationDisplayNameTest,nonDefaultHomeKeepsRawName,passed,
host-without-ota,com.ugreen.feature.home.management.domain.HomeLocationDisplayNameTest,snapshotUsesSelectedHomeForDisplay,passed,
host-without-ota,com.ugreen.feature.home.management.domain.HomeLocationDisplayNameTest,defaultHomeAppendsSuffix,passed,
host-without-ota,com.ugreen.feature.home.management.domain.HomeLocationDisplayNameTest,defaultHomeWithEmptyNameReturnsEmpty,passed,
host-without-ota,com.ugreen.feature.home.management.domain.HomeLocationDisplayNameTest,nonDefaultHomePreservesServerWhitespace,passed,
host-without-ota,com.ugreen.feature.home.management.data.InMemoryHomeManagementRepositoryTest,reorderedRoomsExposeRequestedOrder,passed,
host-without-ota,com.ugreen.feature.home.management.data.InMemoryHomeManagementRepositoryTest,deletingRoomKeepsDeviceAndClearsAssignment,passed,
ota-without-public-api,com.ugreen.feature.ota.data.OtaDtoMapperTest,process_acceptsNumericSessionAndStringErrorCode,passed,
ota-without-public-api,com.ugreen.feature.ota.data.OtaDtoMapperTest,process_mapsFlatDeviceSnapshot,passed,
ota-without-public-api,com.ugreen.feature.ota.data.OtaDtoMapperTest,process_acceptsNullResponseFields,passed,
ota-without-public-api,com.ugreen.feature.ota.data.OtaDtoMapperTest,processEnvelope_decodesDevicesProcessList,passed,
ota-without-public-api,com.ugreen.feature.ota.data.OtaDtoMapperTest,endpoints_matchDebuggedHttpContract,passed,
ota-without-public-api,com.ugreen.feature.ota.data.OtaDtoMapperTest,checkOta_mapsDevice,passed,
ota-without-public-api,com.ugreen.feature.ota.data.OtaDtoMapperTest,processTerminalStatus_usesPhaseAndIgnoresDeprecatedDtoResult,passed,
ota-without-public-api,com.ugreen.feature.ota.data.OtaDtoMapperTest,checkOta_mapsFlatAiBaseAndChildren,passed,
ota-without-public-api,com.ugreen.feature.ota.data.OtaDtoMapperTest,process_preservesUnknownPhase,passed,
ota-without-public-api,com.ugreen.feature.ota.data.OtaDtoMapperTest,process_silentModeIsDroppedBeforeDomainBusinessLogic,passed,
ota-without-public-api,com.ugreen.feature.ota.data.remote.OtaHttpMockControllerTest,enabledState_isOwnedByTheProcessSingletonAndKeepsAppliedFixtures,passed,
ota-without-public-api,com.ugreen.feature.ota.data.remote.OtaHttpMockControllerTest,explicitlyClearedSelectionReturnsNoCheckOrProcessItems,passed,
ota-without-public-api,com.ugreen.feature.ota.data.remote.OtaHttpMockControllerTest,forceUpgradeOverride_marksEveryCheckItem,passed,
ota-without-public-api,com.ugreen.feature.ota.data.remote.OtaHttpMockControllerTest,checkAndProcessPresets_canBeSelectedAndMaterializedIndependently,passed,
ota-without-public-api,com.ugreen.feature.ota.data.remote.OtaHttpMockControllerTest,aiBasePresetMaterialization_keepsParentAndEveryAdditionalChildInTheirOwnRoles,passed,
ota-without-public-api,com.ugreen.feature.ota.data.remote.OtaHttpMockControllerTest,editorState_rebuildsCurrentPresetFromItsTemplateWhenBoundDeviceChanges,passed,
ota-without-public-api,com.ugreen.feature.ota.data.remote.OtaHttpMockControllerTest,invalidJson_isRejectedAndDoesNotReplaceConfiguration,passed,
ota-without-public-api,com.ugreen.feature.ota.data.remote.OtaHttpMockControllerTest,dynamicAiBaseScenario_usesScenarioTerminalOutcomePerChild,passed,
ota-without-public-api,com.ugreen.feature.ota.data.remote.OtaHttpMockControllerTest,mockReceive_doesNotBypassFixedFrameEditorExitActivation,passed,
ota-without-public-api,com.ugreen.feature.ota.data.remote.OtaHttpMockControllerTest,legacyNestedSubDevices_isRejectedByHttpFixtureValidation,passed,
ota-without-public-api,com.ugreen.feature.ota.data.remote.OtaHttpMockControllerTest,parentOnlyDynamicProcess_keepsOneSessionThrough80PercentAndSuccess,passed,
ota-without-public-api,com.ugreen.feature.ota.data.remote.OtaHttpMockControllerTest,reconfiguringAnEnabledEditorKeepsMockEnabledAndPublishesTheNewDraft,passed,
ota-without-public-api,com.ugreen.feature.ota.data.remote.OtaHttpMockControllerTest,childSuccessAlone_doesNotChangeParentCheck,passed,
ota-without-public-api,com.ugreen.feature.ota.data.remote.OtaHttpMockControllerTest,loopMode_reapplicationStartsANewSession,passed,
ota-without-public-api,com.ugreen.feature.ota.data.remote.OtaHttpMockControllerTest,dynamicSequence_runsOncePerReceiveAndKeepsTerminalAcrossRepeatedQueries,passed,
ota-without-public-api,com.ugreen.feature.ota.data.remote.OtaHttpMockControllerTest,disabledMock_delegatesAllEndpointsToNetwork,passed,
ota-without-public-api,com.ugreen.feature.ota.data.remote.OtaHttpMockControllerTest,loopOnlyAdvancesSelectedDevicesFromWholeAccountRequest,passed,
ota-without-public-api,com.ugreen.feature.ota.data.remote.OtaHttpMockControllerTest,editorState_keepsScenarioJsonModeAndAllUpgradeAcrossPageRecreation,passed,
ota-without-public-api,com.ugreen.feature.ota.data.remote.OtaHttpMockControllerTest,successSequence_holdsTheSameTerminalInsteadOfClearingAndRepeating,passed,
ota-without-public-api,com.ugreen.feature.ota.data.remote.OtaHttpMockControllerTest,applyingEditor_enablesAndPublishesTheSelectedScenarioAtomically,passed,
ota-without-public-api,com.ugreen.feature.ota.data.remote.OtaHttpMockControllerTest,loopWithExplicitlyClearedSelectionReturnsNoDevicesEvenForCustomCheckJson,passed,
ota-without-public-api,com.ugreen.feature.ota.data.remote.OtaHttpMockControllerTest,presetTopology_keepsStandaloneAndAiBaseFixturesSeparate,passed,
ota-without-public-api,com.ugreen.feature.ota.data.remote.OtaHttpMockControllerTest,aiBaseCheckPresets_includeParentNoUpdateAndChildrenUpdate,passed,
ota-without-public-api,com.ugreen.feature.ota.data.remote.OtaHttpMockControllerTest,delayedProcessActivation_returnsEmptyUntilUpgradePageConsumesTrigger,passed,
ota-without-public-api,com.ugreen.feature.ota.data.remote.OtaHttpMockControllerTest,ordinaryIpcSuccess_updatesCheckWithoutSpecialPreset_fixedAndDynamic,passed,
ota-without-public-api,com.ugreen.feature.ota.data.remote.OtaHttpMockControllerTest,allBuiltInAiBasePresets_preserveParentFirstOrder,passed,
ota-without-public-api,com.ugreen.feature.ota.data.remote.OtaHttpMockControllerTest,parentOneChildPreset_projectsOnlyOneChildIntoBothUiPages,passed,
ota-without-public-api,com.ugreen.feature.ota.data.remote.OtaHttpMockControllerTest,switchingToDynamic_clearsAnOldFixedActivationAndWaitsForReceive,passed,
ota-without-public-api,com.ugreen.feature.ota.data.remote.OtaHttpMockControllerTest,successfulDevices_changeOnlyTheirOwnCheckInAllScenes_fixedAndDynamic,passed,
ota-without-public-api,com.ugreen.feature.ota.data.remote.OtaHttpMockControllerTest,preparedDynamicMock_staysEmptyUntilUpgradeCommandThenStartsFromIdle,passed,
ota-without-public-api,com.ugreen.feature.ota.data.remote.OtaHttpMockControllerTest,materializedPreset_matchesSelectedTopologyShape,passed,
ota-without-public-api,com.ugreen.feature.ota.data.remote.OtaHttpMockControllerTest,sameSessionTimeout_reactivatesOnceAfterFiveSecondsAndReturnsTimeoutAgain,passed,
ota-without-public-api,com.ugreen.feature.ota.data.remote.OtaHttpMockControllerTest,aibaseFailedLoop_neverStartsChildren,passed,
ota-without-public-api,com.ugreen.feature.ota.data.remote.OtaHttpMockControllerTest,timeoutPresets_useTimeoutErrorCodeForTheExpectedDevices,passed,
ota-without-public-api,com.ugreen.feature.ota.data.remote.OtaHttpMockControllerTest,concurrentProcessRequests_areSerializedWithoutDuplicateFrames,passed,
ota-without-public-api,com.ugreen.feature.ota.data.remote.OtaHttpMockControllerTest,missingSn_neverFallsBackToDeviceId,passed,
ota-without-public-api,com.ugreen.feature.ota.data.remote.OtaHttpMockControllerTest,mock_isDisabledByDefault,passed,
ota-without-public-api,com.ugreen.feature.ota.data.remote.OtaHttpMockControllerTest,lowBatteryProcessPreset_returnsMinus10003FromProgressResponseWithoutCallingNetwork,passed,
ota-without-public-api,com.ugreen.feature.ota.data.remote.OtaHttpMockControllerTest,fixedProcess_waitsForEditorExitAndThenReturnsAfterOneDelayedRefresh,passed,
ota-without-public-api,com.ugreen.feature.ota.data.remote.OtaHttpMockControllerTest,selectedRealDeviceSnsMaterializeAndFilterBothOfficialResponses,passed,
ota-without-public-api,com.ugreen.feature.ota.data.remote.OtaHttpMockControllerTest,aiBaseFixedTerminalBatch_usesOneFreshSessionForParentAndChildren,passed,
ota-without-public-api,com.ugreen.feature.ota.data.remote.OtaHttpMockControllerTest,fixedTerminalPreset_keepsSessionWithinOneApplicationAndRefreshesItWhenReapplied,passed,
ota-without-public-api,com.ugreen.feature.ota.data.remote.OtaHttpMockControllerTest,mockResetHook_runsOnceOnlyForAnOperationThatAppliesEnabledMockData,passed,
ota-without-public-api,com.ugreen.feature.ota.data.remote.OtaHttpMockControllerTest,fixedStagePreset_keepsEquivalentStageWhenTopologyChanges,passed,
ota-without-public-api,com.ugreen.feature.ota.data.remote.OtaHttpMockControllerTest,processFixture_isAFixedFrameAndPresetsCoverRequiredCases,passed,
ota-without-public-api,com.ugreen.feature.ota.data.remote.OtaHttpMockControllerTest,changingBoundDeviceKeepsMockEnabledAndReplacesTheAppliedFixture,passed,
ota-without-public-api,com.ugreen.feature.ota.data.remote.OtaHttpMockControllerTest,processPresets_supportConfirmedTopLevelParentChildFormat,passed,
ota-without-public-api,com.ugreen.feature.ota.data.remote.OtaHttpMockControllerTest,fixedProcessPresets_coverDownloadInstallRebootSuccessAndFailure,passed,
ota-without-public-api,com.ugreen.feature.ota.data.remote.OtaHttpMockControllerTest,applyingCheckJson_doesNotRestartACompletedDynamicProcess,passed,
ota-without-public-api,com.ugreen.feature.ota.data.remote.OtaHttpMockControllerTest,dynamicMode_doesNotStartUntilReceiveCommand,passed,
ota-without-public-api,com.ugreen.feature.ota.data.remote.OtaHttpMockControllerTest,applyingMock_clearsPreviousPageProjectionBeforeTheFailureFixtureBecomesActive,passed,
ota-without-public-api,com.ugreen.feature.ota.data.remote.OtaHttpMockControllerTest,parentOnlyProcessJson_canBeEditedIntoFailure,passed,
ota-without-public-api,com.ugreen.feature.ota.data.remote.OtaHttpMockControllerTest,aiBaseAndChildrenUpdate_mockFlowsThroughRepositoryAndPageSession,passed,
ota-without-public-api,com.ugreen.feature.ota.data.remote.OtaHttpMockControllerTest,failedCheckOfflinePreset_keepsProcessFailureFixtureAndCouplesBothSelections,passed,
ota-without-public-api,com.ugreen.feature.ota.data.remote.OtaHttpMockControllerTest,aibaseUpgradingPreset_startsParentBeforeChildren,passed,
ota-without-public-api,com.ugreen.feature.ota.data.remote.OtaHttpMockControllerTest,successWithoutUpdate_waitsForReceiveAndSuccessfulProcessBeforeChangingCheck,passed,
ota-without-public-api,com.ugreen.feature.ota.data.remote.OtaHttpMockControllerTest,parentOneChildPreset_couplesCheckAndKeepsNonUpdatingChildOutOfProcess,passed,
ota-without-public-api,com.ugreen.feature.ota.data.remote.OtaHttpMockControllerTest,responsesOnlyContainSelectedSnsEvenWhenRequestContainsWholeAccount,passed,
ota-without-public-api,com.ugreen.feature.ota.data.remote.OtaHttpMockControllerTest,dynamicTimeoutPreset_keepsTimeoutErrorCodeInTheTerminalFrame,passed,
ota-without-public-api,com.ugreen.feature.ota.data.remote.OtaHttpMockControllerTest,parentOnlyAiBasePresets_keepChildrenInCheckButOutOfProcess,passed,
ota-without-public-api,com.ugreen.feature.ota.data.remote.OtaHttpMockControllerTest,regularProcessPreset_keepsIndependentlySelectedCheckPreset,passed,
ota-without-public-api,com.ugreen.feature.ota.data.remote.OtaHttpMockControllerTest,enabledMock_decodesOfficialDtosAndNeverCallsNetwork,passed,
ota-without-public-api,com.ugreen.feature.ota.data.remote.OtaHttpMockControllerTest,virtualOverlay_isAddedOnlyWhileHttpMockIsEnabled,passed,
ota-without-public-api,com.ugreen.feature.ota.data.remote.OtaHttpMockControllerTest,parentSuccessChildUpgrading_fixedPresetReturnsAfterEditorExitActivation,passed,
ota-without-public-api,com.ugreen.feature.ota.data.remote.OtaHttpMockControllerTest,parentOneChildDynamicPreset_neverAddsNonUpdatingChild,passed,
ota-without-public-api,com.ugreen.feature.ota.data.remote.OtaHttpMockControllerTest,receiveStartsANewLoopSessionAfterAnOldTerminal,passed,
ota-without-public-api,com.ugreen.feature.ota.data.remote.OtaHttpMockControllerTest,mockWrites_areRejectedOutsideDebugEnvironment,passed,
ota-without-public-api,com.ugreen.feature.ota.data.remote.OtaHttpMockControllerTest,applyingConfiguration_doesNotOverwriteNewerEditorDraft,passed,
ota-without-public-api,com.ugreen.feature.ota.data.remote.OtaHttpMockControllerTest,failedLoop_endsFailedAndReceiveRestartsFromIdle,passed,
ota-without-public-api,com.ugreen.feature.ota.data.remote.OtaHttpMockControllerTest,allBuiltInAiBaseProcessBatches_useOneNonBlankSession,passed,
ota-without-public-api,com.ugreen.feature.ota.data.remote.OtaHttpMockControllerTest,loopReturnsOnlyRequestedTopLevelDevices,passed,
ota-without-public-api,com.ugreen.feature.ota.data.remote.OtaHttpMockControllerTest,dynamicAiBaseParentFailure_interruptsAllChildrenWithErrorCode19,passed,
ota-without-public-api,com.ugreen.feature.ota.data.remote.OtaHttpMockControllerTest,aiBaseReceiveFailurePreset_isAvailableAndFailsAllUpgradeCommandLocally,passed,
ota-without-public-api,com.ugreen.feature.ota.data.remote.OtaHttpMockControllerTest,aibaseSuccessLoop_finishesParentBeforeStartingChildren,passed,
ota-without-public-api,com.ugreen.feature.ota.data.remote.OtaHttpMockControllerTest,checkFailurePreset_returnsExpectedApiExceptionWithoutCallingNetwork,passed,
ota-without-public-api,com.ugreen.feature.ota.data.remote.OtaHttpMockControllerTest,aiBaseLowBatteryProcessPreset_returnsMinus10003ForAllUpgradeWithoutCallingNetwork,passed,
ota-without-public-api,com.ugreen.feature.ota.data.remote.OtaHttpMockControllerTest,receiveFailurePreset_failsMockCommandWithoutStartingFramesOrCallingNetwork,passed,
ota-without-public-api,com.ugreen.feature.ota.data.remote.OtaHttpMockControllerTest,successWithoutUpdateProcessPreset_startsWithUpdateCheckForEachTopology,passed,
ota-without-public-api,com.ugreen.feature.ota.mvi.OtaRealtimeBatchResolverTest,allDevicesSuccess_closesSameSessionBatch,passed,
ota-without-public-api,com.ugreen.feature.ota.mvi.OtaRealtimeBatchResolverTest,missingOwner_isIncomplete,passed,
ota-without-public-api,com.ugreen.feature.ota.mvi.OtaRealtimeBatchResolverTest,done_isActiveAndDoesNotCloseTheBatch,passed,
ota-without-public-api,com.ugreen.feature.ota.mvi.OtaRealtimeBatchResolverTest,mixedSession_neverClosesBatch,passed,
ota-without-public-api,com.ugreen.feature.ota.mvi.OtaRealtimeBatchResolverTest,singleDeviceSupportsActiveSuccessFailureAndObservedFallback,passed,
ota-without-public-api,com.ugreen.feature.ota.mvi.OtaRealtimeBatchResolverTest,childFailure_closesBatchWithoutRewritingParent,passed,
ota-without-public-api,com.ugreen.feature.ota.mvi.OtaRealtimeBatchResolverTest,parentSuccessWhileChildIsActive_keepsBatchActive,passed,
ota-without-public-api,com.ugreen.feature.ota.mvi.OtaRealtimeBatchResolverTest,idleWithoutSession_doesNotPretendThatAnUpgradeStarted,passed,
ota-without-public-api,com.ugreen.feature.ota.mvi.OtaRealtimeBatchResolverTest,parentFailure_interruptsOnlyNonTerminalChildren,passed,
ota-without-public-api,com.ugreen.feature.ota.mvi.OtaRealtimeBatchResolverTest,idleWithSession_isAnActiveUpgradeWaitingForDownload,passed,
ota-without-public-api,com.ugreen.feature.ota.mvi.OtaRealtimeBatchResolverTest,emptyFrame_isExplicit,passed,
ota-without-public-api,com.ugreen.feature.ota.mvi.OtaRealtimeBatchResolverTest,unqueriedSnapshots_cannotBlockTheReturnedOwnerSuccess,passed,
ota-without-public-api,com.ugreen.feature.ota.mvi.OtaRealtimeBatchResolverTest,missingQueriedChildren_doNotChangeTheReturnedOwnerDecision,passed,
ota-without-public-api,com.ugreen.feature.ota.ui.OtaUiContractTest,filteredSummaryKeepsExistingFailureAndSuccessPriority,passed,
ota-without-public-api,com.ugreen.feature.ota.ui.OtaUiContractTest,successfulChildDisappearsFromBothPagesWhenCheckReportsNoUpdate,passed,
ota-without-public-api,com.ugreen.feature.ota.ui.OtaUiContractTest,realAndVirtualSnHaveIdenticalVisibilityForAllCheckAndProcessStates,passed,
ota-without-public-api,com.ugreen.feature.ota.ui.OtaUiContractTest,checkingDoesNotShowUpgradeButtonLoading,passed,
ota-without-public-api,com.ugreen.feature.ota.ui.OtaUiContractTest,mixedFailureAndSuccessUsesLegacyPrimarySecondarySummary,passed,
ota-without-public-api,com.ugreen.feature.ota.ui.OtaUiContractTest,mainSuccessWithSameSessionParticipatingChildren_keepsOverallProgress,passed,
ota-without-public-api,com.ugreen.feature.ota.ui.OtaUiContractTest,fixedParticipantsExcludeNonParticipatingChildrenFromOverallProgress,passed,
ota-without-public-api,com.ugreen.feature.ota.ui.OtaUiContractTest,idleWithoutCompletedCheckDoesNotPretendToHaveAnUpdate,passed,
ota-without-public-api,com.ugreen.feature.ota.ui.OtaUiContractTest,hidingSuccessfulParticipantDoesNotChangeOverallProgressOrMainActions,passed,
ota-without-public-api,com.ugreen.feature.ota.ui.OtaUiContractTest,finishedChildAndAvailableChildKeepsUpgradeAllEnabledForRemainingTask,passed,
ota-without-public-api,com.ugreen.feature.ota.ui.OtaUiContractTest,overallProgressUsesFailurePercentAndExcludesUpToDateDevices,passed,
ota-without-public-api,com.ugreen.feature.ota.ui.OtaUiContractTest,effectsMapToPresentationOnlyEffects,passed,
ota-without-public-api,com.ugreen.feature.ota.ui.OtaUiContractTest,failedChildDoesNotReplaceOverallProgressWhileOtherDevicesAreActive,passed,
ota-without-public-api,com.ugreen.feature.ota.ui.OtaUiContractTest,upgradingSummaryCountsOnlyActiveChildrenWhileListAlsoKeepsAvailableChildren,passed,
ota-without-public-api,com.ugreen.feature.ota.ui.OtaUiContractTest,partialChildrenUpgradingKeepsUpgradeAllEnabledForRemainingDevices,passed,
ota-without-public-api,com.ugreen.feature.ota.ui.OtaUiContractTest,pageErrorRetainsTheReceiveOtaErrorCodeForCmpPresentation,passed,
ota-without-public-api,com.ugreen.feature.ota.ui.OtaUiContractTest,scene11AllUpgradingAggregateMatchesLegacy42Percent,passed,
ota-without-public-api,com.ugreen.feature.ota.ui.OtaUiContractTest,mapperConvertsDomainStateWithoutOwningBusinessProgression,passed,
ota-without-public-api,com.ugreen.feature.ota.ui.OtaUiContractTest,recalculatedOverallProgressMatchesLegacyWhenChildrenInjectedLater,passed,
ota-without-public-api,com.ugreen.feature.ota.ui.OtaUiContractTest,aiBaseAndChildrenUpdateHidesOverallActionOnSubDevicePage,passed,
ota-without-public-api,com.ugreen.feature.ota.ui.OtaUiContractTest,multiDeviceOverallProgressAtZeroShowsUpgradingInsteadOfWaiting,passed,
ota-without-public-api,com.ugreen.feature.ota.ui.OtaUiContractTest,upgradingAtZeroAlwaysProducesWaitingTextInKmpState,passed,
ota-without-public-api,com.ugreen.feature.ota.ui.OtaUiContractTest,featureSnapshotAppliesParentSyncAndHostContextAppliesAutoUpgradeState,passed,
ota-without-public-api,com.ugreen.feature.ota.ui.OtaUiContractTest,lowBatteryFailureDoesNotUseFailedRetryLabel,passed,
ota-without-public-api,com.ugreen.feature.ota.ui.OtaUiContractTest,waitingChildFromFlatProcessSnapshotKeepsSubDeviceSummaryVisible,passed,
ota-without-public-api,com.ugreen.feature.ota.ui.OtaUiContractTest,standaloneIpcShowsBottomProgressWhileHttpReportsActiveProcess,passed,
ota-without-public-api,com.ugreen.feature.ota.ui.OtaUiContractTest,pageProgressIsAggregatedOnlyOnceForParentAndWaitingChild,passed,
ota-without-public-api,com.ugreen.feature.ota.ui.OtaUiContractTest,clickedChildShowsIconOnlyLoadingUntilProgressArrives,passed,
ota-without-public-api,com.ugreen.feature.ota.ui.OtaUiContractTest,hostContextAppliesSkipStyleFromDeviceSetup,passed,
ota-without-public-api,com.ugreen.feature.ota.ui.OtaUiContractTest,allChildrenSuccessDisablesUpgradeAll,passed,
ota-without-public-api,com.ugreen.feature.ota.ui.OtaUiContractTest,fileSizeUsesBinaryUnitsLikeLegacy,passed,
ota-without-public-api,com.ugreen.feature.ota.ui.OtaUiContractTest,retryableFailureAndUpgradingChildKeepsUpgradeAllEnabled,passed,
ota-without-public-api,com.ugreen.feature.ota.ui.OtaUiContractTest,startingShowsUpgradeButtonLoading,passed,
ota-without-public-api,com.ugreen.feature.ota.ui.OtaUiContractTest,childOnlyUpgradeKeepsOverallProgressOnMainPage,passed,
ota-without-public-api,com.ugreen.feature.ota.ui.OtaUiContractTest,sessionCompletenessDoesNotHideActiveChildProgress,passed,
ota-without-public-api,com.ugreen.feature.ota.ui.OtaUiContractTest,bothPagesFilterEachChildByActiveStatusOrExplicitCheckUpdate,passed,
ota-without-public-api,com.ugreen.feature.ota.ui.OtaUiContractTest,allChildrenBusyDisablesUpgradeAll,passed,
ota-without-public-api,com.ugreen.feature.ota.ui.OtaUiContractTest,virtualMockChild_keepsReadOnlyProgressButtonWhileUpgrading,passed,
ota-without-public-api,com.ugreen.feature.ota.ui.OtaUiContractTest,emptyChildrenHideSubDeviceSummaryAndUpgradeAllAction,passed,
ota-without-public-api,com.ugreen.feature.ota.ui.OtaUiContractTest,idleWithStaleUpdateFlagDoesNotShowEmptyUpdateVersion,passed,
ota-without-public-api,com.ugreen.feature.ota.ui.OtaUiContractTest,childOnlyUpdateKeepsMainCardInLatestVersionMode,passed,
ota-without-public-api,com.ugreen.feature.ota.ui.OtaUiContractTest,mainSuccessWithFailedChildShowsChildAndOverallFailure,failed,java.lang.AssertionError: expected:<INTERRUPTED_RETRY> but was:<null>
ota-without-public-api,com.ugreen.feature.ota.ui.OtaUiContractTest,subDeviceSuccessShowsTargetVersionWithoutFileSize,passed,
ota-without-public-api,com.ugreen.feature.ota.ui.OtaUiContractTest,pageSnapshotWithProcessChildren_showsVersionProgressForAiBase,passed,
ota-without-public-api,com.ugreen.feature.ota.ui.OtaUiContractTest,parentUpdateShowsReadOnlyChildProgressWhileBatchIsActive,passed,
ota-without-public-api,com.ugreen.feature.ota.ui.OtaUiContractTest,subDevicePageHidesUpgradeAllWhenParentHasUpdate,passed,
ota-without-public-api,com.ugreen.feature.ota.ui.OtaUiContractTest,failedBatchUsesFailedRetryButtonOnMainPage,passed,
ota-without-public-api,com.ugreen.feature.ota.ui.OtaUiContractTest,checkingKeepsCachedUpdateAndUpgradeEntryUntilRefreshCompletes,passed,
ota-without-public-api,com.ugreen.feature.ota.ui.OtaUiContractTest,terminalSubDeviceSummaryHidesCountButKeepsPrimaryRowNavigable,passed,
ota-without-public-api,com.ugreen.feature.ota.ui.OtaUiContractTest,autoUpgradeTestDataCoversOnAndOff,passed,
ota-without-public-api,com.ugreen.feature.ota.ui.OtaUiContractTest,subDeviceDisplayStatusUsesWaitingWheneverDisplayedProgressIsZero,passed,
ota-without-public-api,com.ugreen.feature.ota.ui.OtaUiContractTest,showVersionProgressUsesMainProgressAsSoonAsMainUpgradeStarts,passed,
ota-without-public-api,com.ugreen.feature.ota.ui.OtaUiContractTest,parentAiBaseUpdateDoesNotBlockAChildPageWithNoUpdate,passed,
ota-without-public-api,com.ugreen.feature.ota.ui.OtaUiContractTest,realAndVirtualChildren_withSameProcessFacts_useIdenticalUiRules,passed,
ota-without-public-api,com.ugreen.feature.ota.ui.OtaUiContractTest,successfulUpgradeShowsPageStatusAndBottomBackAction,passed,
ota-without-public-api,com.ugreen.feature.ota.ui.OtaUiContractTest,commandErrorsUseTheSharedCmpToastPresentation,passed,
ota-without-public-api,com.ugreen.feature.ota.ui.OtaUiContractTest,lowBatteryTerminalRetainsErrorCodeForInternalCmpDialog,passed,
ota-without-public-api,com.ugreen.feature.ota.ui.OtaUiContractTest,childFailWithInterruptedErrorCodeIsShownAsInterruptedRegardlessOfProgressAndMode,passed,
ota-without-public-api,com.ugreen.feature.ota.ui.OtaUiContractTest,virtualMockChild_usesNormalUpgradeActionRules,passed,
ota-without-public-api,com.ugreen.feature.ota.ui.OtaUiContractTest,testDataCoversForceSkipBlockedAndCompactAiBaseStates,passed,
ota-without-public-api,com.ugreen.feature.ota.ui.OtaUiContractTest,singleAiBaseStillShowsItsOwnButtonProgress,passed,
ota-without-public-api,com.ugreen.feature.ota.ui.OtaUiContractTest,parentAtZeroWithActiveChildUsesAggregatedPercentInsteadOfWaitingText,passed,
ota-without-public-api,com.ugreen.feature.ota.publicapi.OtaBatchPageProjectionTest,uiHidesBatchRetryButKeepsReadOnlyProgressAndSingleChildRetry,passed,
ota-without-public-api,com.ugreen.feature.ota.publicapi.OtaBatchPageProjectionTest,confirmedBatch_requiresOwnerAndSameNonBlankWireSession,passed,
ota-without-public-api,com.ugreen.feature.ota.publicapi.OtaBatchPageProjectionTest,pageReopenAndSessionSwitch_followTheRuntimeDecisionWithoutTopologyFallback,passed,
ota-without-public-api,com.ugreen.feature.ota.mvi.OtaRuntimeFactDrivenTest,concurrentSuccessWithoutPage_waitsForTheFirstCallbackAndCleansOnlyOnce,passed,
ota-without-public-api,com.ugreen.feature.ota.mvi.OtaRuntimeFactDrivenTest,activeZero_clearsLoadingAndDisplaysWaitingFact,passed,
ota-without-public-api,com.ugreen.feature.ota.mvi.OtaRuntimeFactDrivenTest,parentFailure_immediatelyEndsTheBatchEvenWhenChildrenAreIdle,passed,
ota-without-public-api,com.ugreen.feature.ota.mvi.OtaRuntimeFactDrivenTest,suppressedAiBaseTerminal_stillPublishesChildProcessFacts,passed,
ota-without-public-api,com.ugreen.feature.ota.mvi.OtaRuntimeFactDrivenTest,parentOnlySuccess_withQueriedChildren_cleansAfterSameSessionRecheck,passed,
ota-without-public-api,com.ugreen.feature.ota.mvi.OtaRuntimeFactDrivenTest,batchFailure_repeatedFrameWithActiveSiblingDoesNotReset_butRealReactivationDoes,passed,
ota-without-public-api,com.ugreen.feature.ota.mvi.OtaRuntimeFactDrivenTest,repeatedTerminalOnlyEmitsOnePageEffectForTheCurrentFact,passed,
ota-without-public-api,com.ugreen.feature.ota.mvi.OtaRuntimeFactDrivenTest,successWithoutPage_withoutPriorActiveEvidence_isIgnored,passed,
ota-without-public-api,com.ugreen.feature.ota.mvi.OtaRuntimeFactDrivenTest,terminalEmptyCheck_doesNotOverwritePageTerminalState,passed,
ota-without-public-api,com.ugreen.feature.ota.mvi.OtaRuntimeFactDrivenTest,parentOnlyTerminalExit_withQueriedChildren_cleansOnce,passed,
ota-without-public-api,com.ugreen.feature.ota.mvi.OtaRuntimeFactDrivenTest,unobservedSuccessForAnotherSession_keepsTheCurrentActiveProcess,passed,
ota-without-public-api,com.ugreen.feature.ota.mvi.OtaRuntimeFactDrivenTest,suppressedSuccess_withoutPage_clearsHistoricalProjectionAndRechecks,passed,
ota-without-public-api,com.ugreen.feature.ota.mvi.OtaRuntimeFactDrivenTest,downloadingDeviceOfflineCheck_keepsExistingBehavior,passed,
ota-without-public-api,com.ugreen.feature.ota.mvi.OtaRuntimeFactDrivenTest,parentOnlyActiveExit_withQueriedChildren_preservesBackgroundObservation,passed,
ota-without-public-api,com.ugreen.feature.ota.mvi.OtaRuntimeFactDrivenTest,active95_immediatelyOverwritesLoadingWithoutSessionGate,passed,
ota-without-public-api,com.ugreen.feature.ota.mvi.OtaRuntimeFactDrivenTest,rawDeviceTerminals_areEmittedIndependentlyBeforeFeatureSuppression,passed,
ota-without-public-api,com.ugreen.feature.ota.mvi.OtaRuntimeFactDrivenTest,completedBatch_isRecheckedThenClearedOnlyForTheSameSession,passed,
ota-without-public-api,com.ugreen.feature.ota.mvi.OtaRuntimeFactDrivenTest,historicalSuppressedSuccess_withPage_doesNotReenterSuccessOrClearThePageState,passed,
ota-without-public-api,com.ugreen.feature.ota.mvi.OtaRuntimeFactDrivenTest,independentBatchClaim_singleAndAiBase_finishAfterEarlyHostClaimAndKeepCleanupDeadline,passed,
ota-without-public-api,com.ugreen.feature.ota.mvi.OtaRuntimeFactDrivenTest,terminalCheckOffline_doesNotOverwriteFailedPageState,passed,
ota-without-public-api,com.ugreen.feature.ota.mvi.OtaRuntimeFactDrivenTest,historicalTimeoutFailure_withoutTrackedActiveSession_remainsStale,passed,
ota-without-public-api,com.ugreen.feature.ota.mvi.OtaRuntimeFactDrivenTest,blankSameAndChangedSessionsAllReplaceTheLatestProcessFact,passed,
ota-without-public-api,com.ugreen.feature.ota.mvi.OtaRuntimeFactDrivenTest,completedBatch_isNotClearedWhenDelayedFrameBelongsToANewSession,passed,
ota-without-public-api,com.ugreen.feature.ota.mvi.OtaRuntimeFactDrivenTest,failedCheck_doesNotOverwriteUpgradeOrTerminalFailure,passed,
ota-without-public-api,com.ugreen.feature.ota.mvi.OtaRuntimeFactDrivenTest,terminalUnknownCheck_doesNotOverwritePageTerminalState,passed,
ota-without-public-api,com.ugreen.feature.ota.mvi.OtaRuntimeFactDrivenTest,terminalCheckOffline_doesNotBlockScheduledSuccessCleanup,passed,
ota-without-public-api,com.ugreen.feature.ota.mvi.OtaRuntimeFactDrivenTest,suppressedSuccess_withPage_keepsSuccessUntilTheOriginalCleanupDeadline,passed,
ota-without-public-api,com.ugreen.feature.ota.mvi.OtaRuntimeFactDrivenTest,lastPageExit_clearsFailedTaskWithoutFreshCheck,passed,
ota-without-public-api,com.ugreen.feature.ota.mvi.OtaRuntimeFactDrivenTest,reactivatedSameFailedSession_clearsSuppressionBeforeSecondTimeout,passed,
ota-without-public-api,com.ugreen.feature.ota.mvi.OtaRuntimeFactDrivenTest,failedInitialCheck_fallsBackToNoUpdateWithoutUpgradeFailure,passed,
ota-without-public-api,com.ugreen.feature.ota.mvi.OtaRuntimeFactDrivenTest,idleWithResidualPercent_doesNotBecomeAnActiveUpgrade,passed,
ota-without-public-api,com.ugreen.feature.ota.mvi.OtaRuntimeFactDrivenTest,successfulEmptyCheckRemainsNoUpdateAfterEmptyProcess,passed,
ota-without-public-api,com.ugreen.feature.ota.mvi.OtaRuntimeFactDrivenTest,receiveSuccess_keepsLoadingWhileProcessIsEmpty,passed,
ota-without-public-api,com.ugreen.feature.ota.mvi.OtaRuntimeFactDrivenTest,childTimeoutFailure_closesCurrentAiBaseBatch,passed,
ota-without-public-api,com.ugreen.feature.ota.mvi.OtaRuntimeFactDrivenTest,installingNonDeviceOfflineCheck_keepsExistingBehavior,passed,
ota-without-public-api,com.ugreen.feature.ota.mvi.OtaRuntimeFactDrivenTest,terminalCheckOffline_doesNotOverwriteSuccessfulPageState,passed,
ota-without-public-api,com.ugreen.feature.ota.mvi.OtaRuntimeFactDrivenTest,installingDeviceOfflineCheck_keepsPreviousUpdateFact,passed,
ota-without-public-api,com.ugreen.feature.ota.mvi.OtaRuntimeFactDrivenTest,currentSessionOrdinaryStaleFailure_keepsExistingStaleBehavior,passed,
ota-without-public-api,com.ugreen.feature.ota.mvi.OtaRuntimeFactDrivenTest,successPageExit_clearsImmediatelyAndCancelsDelayedCleanup,passed,
ota-without-public-api,com.ugreen.feature.ota.mvi.OtaRuntimeFactDrivenTest,currentSessionTimeoutFailure_bypassesReportTimeFreshness,passed,
ota-without-public-api,com.ugreen.feature.ota.mvi.OtaRuntimeFactDrivenTest,returnedActiveChild_preventsSuccessCleanupDespiteOtherMissingQueriedChildren,passed,
ota-without-public-api,com.ugreen.feature.ota.mvi.OtaRuntimeFactDrivenTest,parentSuccessWithChildIdle_keepsTheFlatBatchUpgrading,passed,
ota-without-public-api,com.ugreen.feature.ota.mvi.OtaRuntimeFactDrivenTest,claimedBatch_cleanupRecheckFailure_canRecoverWithoutReapplyingSuccess,passed,
ota-without-public-api,com.ugreen.feature.ota.mvi.OtaRuntimeFactDrivenTest,startTimeout_restoresLatestCheckStateWithoutMarkingUpgradeFailed,passed,
ota-without-public-api,com.ugreen.feature.ota.mvi.OtaRuntimeFactDrivenTest,failedRefreshCheck_keepsCachedUpdateAndVersion,passed,
ota-without-public-api,com.ugreen.feature.ota.orchestration.OtaOrchestrationTest,aibase_childFailureContinuesUntilLastChild,passed,
ota-without-public-api,com.ugreen.feature.ota.orchestration.OtaOrchestrationTest,aibase_executesCheckStartWaitSequentially_andChildFailureContinues,passed,
ota-without-public-api,com.ugreen.feature.ota.orchestration.OtaOrchestrationTest,terminalToast_upgradePage_showsSuccessAndFailureOnce,passed,
ota-without-public-api,com.ugreen.feature.ota.orchestration.OtaOrchestrationTest,aibase_ineligibleChildDoesNotMarkRemainingChildrenFailed,passed,
ota-without-public-api,com.ugreen.feature.ota.orchestration.OtaOrchestrationTest,aibase_childrenAreCheckedOneByOne_withoutBatchPrecheck,passed,
ota-without-public-api,com.ugreen.feature.ota.orchestration.OtaOrchestrationTest,terminalToast_visibilityLossAndReentryRemainSuppressed,passed,
ota-without-public-api,com.ugreen.feature.ota.orchestration.OtaOrchestrationTest,terminalToast_lateEntry_oldSessionAndAutomaticAreSuppressed,passed,
ota-without-public-api,com.ugreen.feature.ota.orchestration.OtaOrchestrationTest,terminalToast_dedupeIncludesDeviceAndSession,passed,
ota-without-public-api,com.ugreen.feature.ota.orchestration.OtaOrchestrationTest,terminalToast_livePage_showsSuccessAndFailureOnce,passed,
ota-without-public-api,com.ugreen.feature.ota.orchestration.OtaOrchestrationTest,aibase_mainFailure_stopsWithoutCheckingChildren,passed,
ota-without-public-api,com.ugreen.feature.ota.data.OtaRepositoryTest,repository_rejectsEmptyTargetsWithoutCallingRemote,passed,
ota-without-public-api,com.ugreen.feature.ota.data.OtaRepositoryTest,repository_keepsNewestActiveSnapshotWhenSameSnAlsoHasOlderDone,passed,
ota-without-public-api,com.ugreen.feature.ota.data.OtaRepositoryTest,checkRequest_serializesRealArrayAndSnField,passed,
ota-without-public-api,com.ugreen.feature.ota.data.OtaRepositoryTest,receiveRequest_serializesAllUpgrade,passed,
ota-without-public-api,com.ugreen.feature.ota.data.OtaRepositoryTest,repository_forwardsReceiveAndProcessParameters,passed,
ota-without-public-api,com.ugreen.feature.ota.data.OtaRepositoryTest,repository_deduplicatesTargetsAndMapsResponse,passed,
ota-without-public-api,com.ugreen.feature.ota.data.OtaRepositoryTest,repository_prefersActiveSnapshotWhenConflictingSameSnFramesHaveNoReportTime,failed,org.junit.ComparisonFailure: expected:<DO[WNLOADING]> but was:<DO[NE]>
ota-without-public-api,com.ugreen.feature.ota.data.OtaRepositoryTest,repository_dropsSilentProcessButKeepsAutomaticAndManualProcess,passed,
ota-without-public-api,com.ugreen.feature.ota.data.OtaRepositoryTest,repository_rejectsIncompleteProcessQuery,passed,
ota-without-public-api,com.ugreen.feature.ota.data.OtaRepositoryTest,processRequest_serializesSnList,passed,
ota-without-public-api,com.ugreen.feature.ota.domain.OtaProtocolTest,failureTypeParsing_preservesLegacyReasons,passed,
ota-without-public-api,com.ugreen.feature.ota.domain.OtaProtocolTest,processPhaseWireValues_keepDoneActiveAndSuccessTerminal,passed,
ota-without-public-api,com.ugreen.feature.ota.domain.OtaProtocolTest,processPhaseParsing_isCaseInsensitiveAndUnknownSafe,passed,
ota-without-public-api,com.ugreen.feature.ota.domain.OtaProtocolTest,checkStatusParsing_supportsSuccessAliasesAndOffline,passed,
ota-without-public-api,com.ugreen.feature.ota.domain.OtaProtocolTest,legacyResultCodes_preserveCompatibilityValues,passed,
ota-without-public-api,com.ugreen.feature.ota.data.remote.OtaRemoteDataSourceLogTest,receiveOta_unitResponse_logsAcceptedCommandInsteadOfKotlinUnit,passed,
ota-without-public-api,com.ugreen.feature.ota.data.remote.OtaRemoteDataSourceLogTest,responseWithBody_keepsItsDtoLogValue,passed,
ota-without-public-api,com.ugreen.feature.ota.mvi.OtaHttpFactDrivenContractTest,singleDevice_hidesVersionTerminalAndProgress,passed,
ota-without-public-api,com.ugreen.feature.ota.mvi.OtaHttpFactDrivenContractTest,commandWait_isLoadingUntilActivityArrives,passed,
ota-without-public-api,com.ugreen.feature.ota.mvi.OtaHttpFactDrivenContractTest,active95_overwritesPreviousProgressWithoutSessionGate,passed,
ota-without-public-api,com.ugreen.feature.ota.mvi.OtaHttpFactDrivenContractTest,activeZero_isWaitingNotLoading,passed,
ota-without-public-api,com.ugreen.feature.ota.mvi.OtaHttpFactDrivenContractTest,mode7_isNotAUiMode,passed,
ota-without-public-api,com.ugreen.feature.ota.mvi.OtaHttpFactDrivenContractTest,multiDevice_parentSuccessWithChildIdle_staysUpgrading,passed,
ota-without-public-api,com.ugreen.feature.ota.ui.OtaUpgradeNavigationControllerTest,updateLogRoute_consumesSystemBackAndReturnsToMain,passed,
ota-without-public-api,com.ugreen.feature.ota.ui.OtaUpgradeNavigationControllerTest,mainRoute_doesNotConsumeSystemBack,passed,
ota-without-public-api,com.ugreen.feature.ota.ui.OtaUpgradeNavigationControllerTest,subDevicesRoute_consumesSystemBackAndReturnsToMain,passed,
ota-without-public-api,com.ugreen.feature.ota.data.local.OtaTerminalSuppressionStoreTest,explicitlyAcceptedTimeoutTerminal_bypassesOnlyFreshnessAndStillDeduplicates,passed,
ota-without-public-api,com.ugreen.feature.ota.data.local.OtaTerminalSuppressionStoreTest,unstableSession_isProcessLocalAndResetsOnAccountClear,passed,
ota-without-public-api,com.ugreen.feature.ota.data.local.OtaTerminalSuppressionStoreTest,batchClaim_doesNotClaimHostOrChangeAccountClearPersistence,passed,
ota-without-public-api,com.ugreen.feature.ota.data.local.OtaTerminalSuppressionStoreTest,batchClaims_areIndependentFromDeviceClaimsAndLegacyKeys,passed,
ota-without-public-api,com.ugreen.feature.ota.data.local.OtaTerminalSuppressionStoreTest,staleOrInvalidTerminal_isSuppressedAndPersisted,passed,
ota-without-public-api,com.ugreen.feature.ota.data.local.OtaTerminalSuppressionStoreTest,secondAndMillisecondReportTimes_areNormalized,passed,
ota-without-public-api,com.ugreen.feature.ota.data.local.OtaTerminalSuppressionStoreTest,clearTerminal_removesCanonicalAndLegacyClaimsForOnlyTheRequestedSession,passed,
ota-without-public-api,com.ugreen.feature.ota.data.local.OtaTerminalSuppressionStoreTest,stableSession_persistsAcrossStoreInstances_sharedAcrossTerminalStatuses,passed,
ota-without-public-api,com.ugreen.feature.ota.data.local.OtaTerminalSuppressionStoreTest,concurrentClaims_allowOnlyOnePresentation,passed,
ota-without-public-api,com.ugreen.feature.ota.publicapi.OtaMockDeviceOverlayTest,changedRealTopology_replacesObsoleteVirtualChildrenInsteadOfAccumulatingThem,passed,
ota-without-public-api,com.ugreen.feature.ota.publicapi.OtaMockDeviceOverlayTest,standaloneIpc_addsNothing,passed,
ota-without-public-api,com.ugreen.feature.ota.publicapi.OtaMockDeviceOverlayTest,oneRealChild_keepsItAndAddsOneVirtualChild,passed,
ota-without-public-api,com.ugreen.feature.ota.publicapi.OtaMockDeviceOverlayTest,noRealChildren_addsTwoStableVirtualChildren,passed,
ota-without-public-api,com.ugreen.feature.ota.publicapi.OtaMockDeviceOverlayTest,twoOrMoreRealChildren_addsNothing,passed,
ota-without-public-api,com.ugreen.feature.ota.mvi.OtaMviTest,failedUpgradeCanPrepareARealRetry,passed,
ota-without-public-api,com.ugreen.feature.ota.mvi.OtaMviTest,processPollObserved_reachesUpgradingWithProgress,passed,
ota-without-public-api,com.ugreen.feature.ota.mvi.OtaMviTest,duplicateAction_isIdempotent,passed,
ota-without-public-api,com.ugreen.feature.ota.mvi.OtaMviTest,concurrentIntents_areSerializedAroundActorAndReducer,passed,
ota-without-public-api,com.ugreen.feature.ota.mvi.OtaMviTest,readyStartingUpgrading_reachesSuccessAndFailure,passed,
ota-without-public-api,com.ugreen.feature.ota.mvi.OtaMviTest,oldRequest_doesNotProduceTerminalForNewTask,passed,
ota-without-public-api,com.ugreen.feature.ota.mvi.OtaMviTest,terminalEffectRetainsFailureErrorCode,passed,
ota-without-public-api,com.ugreen.feature.ota.mvi.OtaMviTest,oldRequestSequence_doesNotOverwriteNewState,passed,
ota-without-public-api,com.ugreen.feature.ota.mvi.OtaMviTest,processPollObserved_storesFlatSnapshots,passed,
ota-without-public-api,com.ugreen.feature.ota.mvi.OtaMviTest,staleTerminalCleared_removesProgressAndUsesLatestCheckState,passed,
ota-without-public-api,com.ugreen.feature.ota.mvi.OtaMviTest,idleChecking_reachesSuccessfulCheckResults,passed,
ota-without-public-api,com.ugreen.feature.ota.mvi.OtaMviTest,finishedTaskCleared_removesAllRuntimeAndCheckProjectionState,passed,
ota-public-api-probe,com.ugreen.feature.ota.publicapi.OtaFeatureApiTest,childPageSnapshot_usesExistingKmpParentCheckFactWithoutAnotherRequest,failed,java.lang.IllegalStateException: Dispatchers.Main was accessed when the platform dispatcher was absent and the test dispatcher was unset. Please make sure that Dispatchers.setMain() is called before accessing Dispatchers.Main and that Dispatchers.Main is not accessed after Dispatchers.resetMain().
